[
    {
        "EmployeeId": "E1",
        "AssetId": "AS1",
        "Role": "MAIN"
    },
    {
        "EmployeeId": "E2",
        "AssetId": "AS2",
        "Role": "MAIN"
    },
    {
        "EmployeeId": "E3",
        "AssetId": "AS3",
        "Role": "MAIN"
    },
    {
        "EmployeeId": "E4",
        "AssetId": "AS4",
        "Role": "MAIN"
    },
    {
        "EmployeeId": "E5",
        "AssetId": "AS5",
        "Role": "MAIN"
    },
    {
        "EmployeeId": "E6",
        "AssetId": "AS6",
        "Role": "MAIN"
    },
    {
        "EmployeeId": "E7",
        "AssetId": "AS7",
        "Role": "MAIN"
    },
    {
        "EmployeeId": "E8",
        "AssetId": "AS8",
        "Role": "MAIN"
    },
    {
        "EmployeeId": "E9",
        "AssetId": "AS9",
        "Role": "MAIN"
    },
    {
        "EmployeeId": "E10",
        "AssetId": "A10",
        "Role": "MAIN"
    }
]