[
    {
        "cateid": "c1",
        "catename": "Cate1"
    },
    {
        "cateid": "c2",
        "catename": "Cate2"
    },
    {
        "cateid": "c3",
        "catename": "Cate3"
    },
    {
        "cateid": "c4",
        "catename": "Cate4"
    },
    {
        "cateid": "c5",
        "catename": "Cate5"
    },
    {
        "cateid": "c6",
        "catename": "Cate6"
    },
    {
        "cateid": "c7",
        "catename": "Cate7"
    },
    {
        "cateid": "c8",
        "catename": "Cate8"
    },
    {
        "cateid": "c9",
        "catename": "Cate9"
    },
    {
        "cateid": "c10",
        "catename": "Cate10"
    },
    {
        "cateid": "c11",
        "catename": "Cate11"
    },
    {
        "cateid": "c12",
        "catename": "Cate12"
    },
    {
        "cateid": "c13",
        "catename": "Cate13"
    },
    {
        "cateid": "c14",
        "catename": "Cate14"
    },
    {
        "cateid": "c15",
        "catename": "Cate15"
    },
    {
        "cateid": "c16",
        "catename": "Cate16"
    },
    {
        "cateid": "c17",
        "catename": "Cate17"
    },
    {
        "cateid": "c18",
        "catename": "Cate18"
    },
    {
        "cateid": "c19",
        "catename": "Cate19"
    }
]